id,sentence,predicted_entities_json,predicted_entities
1,डॉ भीमराव आंबेडकर अंतरराष्ट्रीय हवाई अड्डा दिल्ली के पास स्थित है जहाँ प्रोफेसर राजेश कुमार ने भाषण दिया,"[{""text"": ""डॉ भीमराव आंबेडकर अंतरराष्ट्रीय हवाई अड्डा"", ""label"": ""LOCATION"", ""confidence"": 0.7496, ""source"": ""neural"", ""start_token"": 0, ""end_token"": 6}, {""text"": ""दिल्ली"", ""label"": ""LOCATION"", ""confidence"": 0.9887, ""source"": ""neural"", ""start_token"": 6, ""end_token"": 7}, {""text"": ""प्रोफेसर राजेश कुमार"", ""label"": ""PERSON"", ""confidence"": 0.7767, ""source"": ""neural"", ""start_token"": 12, ""end_token"": 15}]",डॉ भीमराव आंबेडकर अंतरराष्ट्रीय हवाई अड्डा<LOCATION:0.75> ; दिल्ली<LOCATION:0.99> ; प्रोफेसर राजेश कुमार<PERSON:0.78>
2,नेहरू मेमोरियल म्यूजियम एंड लाइब्रेरी नई दिल्ली में स्थित है जहाँ डॉक्टर राकेश शर्मा ने व्याख्यान दिया,"[{""text"": ""नेहरू मेमोरियल म्यूजियम एंड लाइब्रेरी"", ""label"": ""ORGANIZATION"", ""confidence"": 0.9662, ""source"": ""neural"", ""start_token"": 0, ""end_token"": 5}, {""text"": ""नई दिल्ली"", ""label"": ""LOCATION"", ""confidence"": 0.8689, ""source"": ""neural"", ""start_token"": 5, ""end_token"": 7}, {""text"": ""डॉक्टर राकेश शर्मा"", ""label"": ""PERSON"", ""confidence"": 0.8026, ""source"": ""neural"", ""start_token"": 11, ""end_token"": 14}]",नेहरू मेमोरियल म्यूजियम एंड लाइब्रेरी<ORGANIZATION:0.97> ; नई दिल्ली<LOCATION:0.87> ; डॉक्टर राकेश शर्मा<PERSON:0.80>
3,राजीव गांधी अंतरराष्ट्रीय हवाई अड्डा हैदराबाद में स्थित है जहाँ इंजीनियर विकास गुप्ता ने प्रस्तुति दी,"[{""text"": ""राजीव गांधी अंतरराष्ट्रीय हवाई अड्डा"", ""label"": ""LOCATION"", ""confidence"": 0.6621, ""source"": ""neural"", ""start_token"": 0, ""end_token"": 5}, {""text"": ""हैदराबाद"", ""label"": ""LOCATION"", ""confidence"": 0.991, ""source"": ""neural"", ""start_token"": 5, ""end_token"": 6}, {""text"": ""विकास गुप्ता"", ""label"": ""PERSON"", ""confidence"": 0.9314, ""source"": ""neural"", ""start_token"": 11, ""end_token"": 13}]",राजीव गांधी अंतरराष्ट्रीय हवाई अड्डा<LOCATION:0.66> ; हैदराबाद<LOCATION:0.99> ; विकास गुप्ता<PERSON:0.93>
4,इंदिरा गांधी राष्ट्रीय मुक्त विश्वविद्यालय के छात्र राहुल गांधी ने अमेठी में कार्यक्रम आयोजित किया,"[{""text"": ""इंदिरा गांधी राष्ट्रीय मुक्त विश्वविद्यालय"", ""label"": ""ORGANIZATION"", ""confidence"": 0.9973, ""source"": ""neural"", ""start_token"": 0, ""end_token"": 5}, {""text"": ""राहुल गांधी"", ""label"": ""PERSON"", ""confidence"": 0.874, ""source"": ""neural"", ""start_token"": 7, ""end_token"": 9}, {""text"": ""अमेठी"", ""label"": ""LOCATION"", ""confidence"": 0.9869, ""source"": ""neural"", ""start_token"": 10, ""end_token"": 11}]",इंदिरा गांधी राष्ट्रीय मुक्त विश्वविद्यालय<ORGANIZATION:1.00> ; राहुल गांधी<PERSON:0.87> ; अमेठी<LOCATION:0.99>
5,डॉ ए पी जे अब्दुल कलाम तकनीकी विश्वविद्यालय लखनऊ के वैज्ञानिक डॉक्टर अनिल कुमार ने शोध प्रस्तुत किया,"[{""text"": ""डॉ ए पी जे अब्दुल कलाम तकनीकी विश्वविद्यालय"", ""label"": ""ORGANIZATION"", ""confidence"": 0.9968, ""source"": ""neural"", ""start_token"": 0, ""end_token"": 8}, {""text"": ""लखनऊ"", ""label"": ""LOCATION"", ""confidence"": 0.9631, ""source"": ""neural"", ""start_token"": 8, ""end_token"": 9}, {""text"": ""डॉक्टर अनिल कुमार"", ""label"": ""PERSON"", ""confidence"": 0.9274, ""source"": ""neural"", ""start_token"": 11, ""end_token"": 14}]",डॉ ए पी जे अब्दुल कलाम तकनीकी विश्वविद्यालय<ORGANIZATION:1.00> ; लखनऊ<LOCATION:0.96> ; डॉक्टर अनिल कुमार<PERSON:0.93>
6,टाटा इंस्टीट्यूट ऑफ फंडामेंटल रिसर्च मुंबई में स्थित है जहाँ वैज्ञानिक सीमा वर्मा ने प्रस्तुति दी,"[{""text"": ""टाटा इंस्टीट्यूट ऑफ फंडामेंटल रिसर्च"", ""label"": ""ORGANIZATION"", ""confidence"": 0.973, ""source"": ""neural"", ""start_token"": 0, ""end_token"": 5}, {""text"": ""मुंबई"", ""label"": ""LOCATION"", ""confidence"": 0.9919, ""source"": ""neural"", ""start_token"": 5, ""end_token"": 6}, {""text"": ""सीमा वर्मा"", ""label"": ""PERSON"", ""confidence"": 0.9155, ""source"": ""neural"", ""start_token"": 11, ""end_token"": 13}]",टाटा इंस्टीट्यूट ऑफ फंडामेंटल रिसर्च<ORGANIZATION:0.97> ; मुंबई<LOCATION:0.99> ; सीमा वर्मा<PERSON:0.92>
7,डॉ राम मनोहर लोहिया राष्ट्रीय विधि विश्वविद्यालय लखनऊ के प्रोफेसर राम मनोहर ने दिल्ली विश्वविद्यालय में व्याख्यान दिया,"[{""text"": ""डॉ राम मनोहर लोहिया राष्ट्रीय विधि विश्वविद्यालय"", ""label"": ""ORGANIZATION"", ""confidence"": 0.991, ""source"": ""neural"", ""start_token"": 0, ""end_token"": 7}, {""text"": ""लखनऊ"", ""label"": ""LOCATION"", ""confidence"": 0.9768, ""source"": ""neural"", ""start_token"": 7, ""end_token"": 8}, {""text"": ""प्रोफेसर राम मनोहर"", ""label"": ""PERSON"", ""confidence"": 0.7767, ""source"": ""neural"", ""start_token"": 9, ""end_token"": 12}, {""text"": ""दिल्ली विश्वविद्यालय"", ""label"": ""ORGANIZATION"", ""confidence"": 0.9954, ""source"": ""neural"", ""start_token"": 13, ""end_token"": 15}]",डॉ राम मनोहर लोहिया राष्ट्रीय विधि विश्वविद्यालय<ORGANIZATION:0.99> ; लखनऊ<LOCATION:0.98> ; प्रोफेसर राम मनोहर<PERSON:0.78> ; दिल्ली विश्वविद्यालय<ORGANIZATION:1.00>
8,अटल बिहारी वाजपेयी भारतीय प्रौद्योगिकी संस्थान कानपुर के प्रोफेसर अटल बिहारी ने भोपाल में व्याख्यान दिया,"[{""text"": ""अटल बिहारी वाजपेयी भारतीय प्रौद्योगिकी संस्थान"", ""label"": ""ORGANIZATION"", ""confidence"": 0.9712, ""source"": ""neural"", ""start_token"": 0, ""end_token"": 6}, {""text"": ""कानपुर"", ""label"": ""LOCATION"", ""confidence"": 0.915, ""source"": ""neural"", ""start_token"": 6, ""end_token"": 7}, {""text"": ""प्रोफेसर अटल बिहारी"", ""label"": ""PERSON"", ""confidence"": 0.8215, ""source"": ""neural"", ""start_token"": 8, ""end_token"": 11}, {""text"": ""भोपाल"", ""label"": ""LOCATION"", ""confidence"": 0.9898, ""source"": ""neural"", ""start_token"": 12, ""end_token"": 13}]",अटल बिहारी वाजपेयी भारतीय प्रौद्योगिकी संस्थान<ORGANIZATION:0.97> ; कानपुर<LOCATION:0.92> ; प्रोफेसर अटल बिहारी<PERSON:0.82> ; भोपाल<LOCATION:0.99>
9,भारतीय रिज़र्व बैंक के पूर्व गवर्नर रघुराम राजन ने शिकागो विश्वविद्यालय में प्रोफेसर रघुराम के रूप में कार्य किया,"[{""text"": ""भारतीय रिज़र्व बैंक"", ""label"": ""ORGANIZATION"", ""confidence"": 0.9977, ""source"": ""neural"", ""start_token"": 0, ""end_token"": 3}, {""text"": ""रघुराम राजन"", ""label"": ""PERSON"", ""confidence"": 0.9517, ""source"": ""neural"", ""start_token"": 6, ""end_token"": 8}, {""text"": ""शिकागो विश्वविद्यालय"", ""label"": ""ORGANIZATION"", ""confidence"": 0.995, ""source"": ""neural"", ""start_token"": 9, ""end_token"": 11}, {""text"": ""प्रोफेसर रघुराम"", ""label"": ""PERSON"", ""confidence"": 0.8188, ""source"": ""neural"", ""start_token"": 12, ""end_token"": 14}]",भारतीय रिज़र्व बैंक<ORGANIZATION:1.00> ; रघुराम राजन<PERSON:0.95> ; शिकागो विश्वविद्यालय<ORGANIZATION:0.99> ; प्रोफेसर रघुराम<PERSON:0.82>
10,सरदार वल्लभभाई पटेल राष्ट्रीय पुलिस अकादमी हैदराबाद के अधिकारी पटेल ने गुजरात में प्रशिक्षण दिया,"[{""text"": ""सरदार वल्लभभाई पटेल राष्ट्रीय पुलिस अकादमी"", ""label"": ""ORGANIZATION"", ""confidence"": 0.988, ""source"": ""neural"", ""start_token"": 0, ""end_token"": 6}, {""text"": ""हैदराबाद"", ""label"": ""LOCATION"", ""confidence"": 0.9098, ""source"": ""neural"", ""start_token"": 6, ""end_token"": 7}, {""text"": ""पटेल"", ""label"": ""PERSON"", ""confidence"": 0.8949, ""source"": ""neural"", ""start_token"": 9, ""end_token"": 10}, {""text"": ""गुजरात"", ""label"": ""LOCATION"", ""confidence"": 0.9914, ""source"": ""neural"", ""start_token"": 11, ""end_token"": 12}]",सरदार वल्लभभाई पटेल राष्ट्रीय पुलिस अकादमी<ORGANIZATION:0.99> ; हैदराबाद<LOCATION:0.91> ; पटेल<PERSON:0.89> ; गुजरात<LOCATION:0.99>
11,मौलाना आज़ाद राष्ट्रीय प्रौद्योगिकी संस्थान भोपाल के प्रोफेसर आज़ाद ने दिल्ली के जामिया मिल्लिया इस्लामिया विश्वविद्यालय में व्याख्यान दिया,"[{""text"": ""मौलाना आज़ाद राष्ट्रीय प्रौद्योगिकी संस्थान"", ""label"": ""ORGANIZATION"", ""confidence"": 0.9847, ""source"": ""neural"", ""start_token"": 0, ""end_token"": 5}, {""text"": ""भोपाल"", ""label"": ""LOCATION"", ""confidence"": 0.9332, ""source"": ""neural"", ""start_token"": 5, ""end_token"": 6}, {""text"": ""प्रोफेसर आज़ाद"", ""label"": ""PERSON"", ""confidence"": 0.7767, ""source"": ""neural"", ""start_token"": 7, ""end_token"": 9}, {""text"": ""दिल्ली"", ""label"": ""LOCATION"", ""confidence"": 0.996, ""source"": ""neural"", ""start_token"": 10, ""end_token"": 11}, {""text"": ""जामिया मिल्लिया इस्लामिया विश्वविद्यालय"", ""label"": ""ORGANIZATION"", ""confidence"": 0.9951, ""source"": ""neural"", ""start_token"": 12, ""end_token"": 16}]",मौलाना आज़ाद राष्ट्रीय प्रौद्योगिकी संस्थान<ORGANIZATION:0.98> ; भोपाल<LOCATION:0.93> ; प्रोफेसर आज़ाद<PERSON:0.78> ; दिल्ली<LOCATION:1.00> ; जामिया मिल्लिया इस्लामिया विश्वविद्यालय<ORGANIZATION:1.00>
12,चंद्रशेखर आज़ाद कृषि एवं प्रौद्योगिकी विश्वविद्यालय कानपुर के छात्र आज़ाद ने इलाहाबाद विश्वविद्यालय में प्रवेश लिया,"[{""text"": ""चंद्रशेखर आज़ाद कृषि एवं प्रौद्योगिकी विश्वविद्यालय"", ""label"": ""ORGANIZATION"", ""confidence"": 0.7984, ""source"": ""neural"", ""start_token"": 0, ""end_token"": 6}, {""text"": ""कानपुर"", ""label"": ""LOCATION"", ""confidence"": 0.9694, ""source"": ""neural"", ""start_token"": 6, ""end_token"": 7}, {""text"": ""आज़ाद"", ""label"": ""PERSON"", ""confidence"": 0.8352, ""source"": ""neural"", ""start_token"": 9, ""end_token"": 10}, {""text"": ""इलाहाबाद विश्वविद्यालय"", ""label"": ""ORGANIZATION"", ""confidence"": 0.9955, ""source"": ""neural"", ""start_token"": 11, ""end_token"": 13}]",चंद्रशेखर आज़ाद कृषि एवं प्रौद्योगिकी विश्वविद्यालय<ORGANIZATION:0.80> ; कानपुर<LOCATION:0.97> ; आज़ाद<PERSON:0.84> ; इलाहाबाद विश्वविद्यालय<ORGANIZATION:1.00>
13,लाल बहादुर शास्त्री राष्ट्रीय प्रशासन अकादमी मसूरी के प्रशिक्षु शास्त्री ने उत्तर प्रदेश के इलाहाबाद में प्रशिक्षण लिया,"[{""text"": ""लाल बहादुर शास्त्री राष्ट्रीय प्रशासन अकादमी"", ""label"": ""ORGANIZATION"", ""confidence"": 0.9751, ""source"": ""neural"", ""start_token"": 0, ""end_token"": 6}, {""text"": ""मसूरी"", ""label"": ""LOCATION"", ""confidence"": 0.9303, ""source"": ""neural"", ""start_token"": 6, ""end_token"": 7}, {""text"": ""शास्त्री"", ""label"": ""PERSON"", ""confidence"": 0.8367, ""source"": ""neural"", ""start_token"": 9, ""end_token"": 10}, {""text"": ""उत्तर प्रदेश"", ""label"": ""LOCATION"", ""confidence"": 0.9271, ""source"": ""neural"", ""start_token"": 11, ""end_token"": 13}, {""text"": ""इलाहाबाद"", ""label"": ""LOCATION"", ""confidence"": 0.9877, ""source"": ""neural"", ""start_token"": 14, ""end_token"": 15}]",लाल बहादुर शास्त्री राष्ट्रीय प्रशासन अकादमी<ORGANIZATION:0.98> ; मसूरी<LOCATION:0.93> ; शास्त्री<PERSON:0.84> ; उत्तर प्रदेश<LOCATION:0.93> ; इलाहाबाद<LOCATION:0.99>
14,भाभा परमाणु अनुसंधान केंद्र मुंबई के वैज्ञानिक भाभा ने टाटा मेमोरियल अस्पताल में अनुसंधान किया,"[{""text"": ""भाभा परमाणु अनुसंधान केंद्र"", ""label"": ""ORGANIZATION"", ""confidence"": 0.9952, ""source"": ""neural"", ""start_token"": 0, ""end_token"": 4}, {""text"": ""मुंबई"", ""label"": ""LOCATION"", ""confidence"": 0.8623, ""source"": ""neural"", ""start_token"": 4, ""end_token"": 5}, {""text"": ""भाभा"", ""label"": ""PERSON"", ""confidence"": 0.9706, ""source"": ""neural"", ""start_token"": 7, ""end_token"": 8}, {""text"": ""टाटा मेमोरियल अस्पताल"", ""label"": ""ORGANIZATION"", ""confidence"": 0.9695, ""source"": ""neural"", ""start_token"": 9, ""end_token"": 12}]",भाभा परमाणु अनुसंधान केंद्र<ORGANIZATION:1.00> ; मुंबई<LOCATION:0.86> ; भाभा<PERSON:0.97> ; टाटा मेमोरियल अस्पताल<ORGANIZATION:0.97>
15,रानी लक्ष्मीबाई राष्ट्रीय रक्षा विश्वविद्यालय गुजरात के अधिकारी लक्ष्मीबाई ने झांसी विश्वविद्यालय में प्रशिक्षण लिया,"[{""text"": ""रानी लक्ष्मीबाई राष्ट्रीय रक्षा विश्वविद्यालय"", ""label"": ""ORGANIZATION"", ""confidence"": 0.9984, ""source"": ""neural"", ""start_token"": 0, ""end_token"": 5}, {""text"": ""गुजरात"", ""label"": ""LOCATION"", ""confidence"": 0.9954, ""source"": ""neural"", ""start_token"": 5, ""end_token"": 6}, {""text"": ""लक्ष्मीबाई"", ""label"": ""PERSON"", ""confidence"": 0.9383, ""source"": ""neural"", ""start_token"": 8, ""end_token"": 9}, {""text"": ""झांसी विश्वविद्यालय"", ""label"": ""ORGANIZATION"", ""confidence"": 0.9908, ""source"": ""neural"", ""start_token"": 10, ""end_token"": 12}]",रानी लक्ष्मीबाई राष्ट्रीय रक्षा विश्वविद्यालय<ORGANIZATION:1.00> ; गुजरात<LOCATION:1.00> ; लक्ष्मीबाई<PERSON:0.94> ; झांसी विश्वविद्यालय<ORGANIZATION:0.99>
16,सुभाष चंद्र बोस राष्ट्रीय खेल संस्थान पटियाला के कोच बोस ने कोलकाता के नेताजी सुभाष चंद्र बोस अंतरराष्ट्रीय हवाई अड्डे पर कार्यक्रम किया,"[{""text"": ""सुभाष चंद्र बोस राष्ट्रीय खेल संस्थान"", ""label"": ""ORGANIZATION"", ""confidence"": 0.9465, ""source"": ""neural"", ""start_token"": 0, ""end_token"": 6}, {""text"": ""पटियाला"", ""label"": ""LOCATION"", ""confidence"": 0.4132, ""source"": ""neural"", ""start_token"": 6, ""end_token"": 7}, {""text"": ""बोस"", ""label"": ""PERSON"", ""confidence"": 0.9128, ""source"": ""neural"", ""start_token"": 9, ""end_token"": 10}, {""text"": ""कोलकाता"", ""label"": ""LOCATION"", ""confidence"": 0.9948, ""source"": ""neural"", ""start_token"": 11, ""end_token"": 12}, {""text"": ""नेताजी सुभाष चंद्र बोस अंतरराष्ट्रीय हवाई अड्डे"", ""label"": ""LOCATION"", ""confidence"": 0.757, ""source"": ""neural"", ""start_token"": 13, ""end_token"": 20}]",सुभाष चंद्र बोस राष्ट्रीय खेल संस्थान<ORGANIZATION:0.95> ; पटियाला<LOCATION:0.41> ; बोस<PERSON:0.91> ; कोलकाता<LOCATION:0.99> ; नेताजी सुभाष चंद्र बोस अंतरराष्ट्रीय हवाई अड्डे<LOCATION:0.76>
17,डॉ एपीजे अब्दुल कलाम अंतरिक्ष अनुसंधान केंद्र तिरुवनंतपुरम के वैज्ञानिक कलाम ने भारतीय अंतरिक्ष अनुसंधान संगठन में कार्य,"[{""text"": ""डॉ एपीजे अब्दुल कलाम अंतरिक्ष अनुसंधान केंद्र"", ""label"": ""ORGANIZATION"", ""confidence"": 0.9758, ""source"": ""neural"", ""start_token"": 0, ""end_token"": 7}, {""text"": ""तिरुवनंतपुरम"", ""label"": ""LOCATION"", ""confidence"": 0.9927, ""source"": ""neural"", ""start_token"": 7, ""end_token"": 8}, {""text"": ""कलाम"", ""label"": ""PERSON"", ""confidence"": 0.9225, ""source"": ""neural"", ""start_token"": 10, ""end_token"": 11}, {""text"": ""भारतीय अंतरिक्ष अनुसंधान संगठन"", ""label"": ""ORGANIZATION"", ""confidence"": 0.9871, ""source"": ""neural"", ""start_token"": 12, ""end_token"": 16}]",डॉ एपीजे अब्दुल कलाम अंतरिक्ष अनुसंधान केंद्र<ORGANIZATION:0.98> ; तिरुवनंतपुरम<LOCATION:0.99> ; कलाम<PERSON:0.92> ; भारतीय अंतरिक्ष अनुसंधान संगठन<ORGANIZATION:0.99>
18,महात्मा गांधी राष्ट्रीय ग्रामीण रोजगार गारंटी योजना के अधिकारी गांधी ने अहमदाबाद के साबरमती आश्रम में भाषण दिया,"[{""text"": ""महात्मा गांधी राष्ट्रीय ग्रामीण रोजगार गारंटी योजना"", ""label"": ""ORGANIZATION"", ""confidence"": 0.9873, ""source"": ""neural"", ""start_token"": 0, ""end_token"": 7}, {""text"": ""गांधी"", ""label"": ""PERSON"", ""confidence"": 0.8779, ""source"": ""neural"", ""start_token"": 9, ""end_token"": 10}, {""text"": ""अहमदाबाद"", ""label"": ""LOCATION"", ""confidence"": 0.9967, ""source"": ""neural"", ""start_token"": 11, ""end_token"": 12}, {""text"": ""साबरमती आश्रम"", ""label"": ""LOCATION"", ""confidence"": 0.8523, ""source"": ""neural"", ""start_token"": 13, ""end_token"": 15}]",महात्मा गांधी राष्ट्रीय ग्रामीण रोजगार गारंटी योजना<ORGANIZATION:0.99> ; गांधी<PERSON:0.88> ; अहमदाबाद<LOCATION:1.00> ; साबरमती आश्रम<LOCATION:0.85>
19,राज कपूर फिल्म एंड टेलीविजन संस्थान पुणे के निर्देशक कपूर ने मुंबई विश्वविद्यालय में व्याख्यान दिया,"[{""text"": ""राज कपूर फिल्म एंड टेलीविजन संस्थान"", ""label"": ""ORGANIZATION"", ""confidence"": 0.9712, ""source"": ""neural"", ""start_token"": 0, ""end_token"": 6}, {""text"": ""पुणे"", ""label"": ""LOCATION"", ""confidence"": 0.7486, ""source"": ""neural"", ""start_token"": 6, ""end_token"": 7}, {""text"": ""कपूर"", ""label"": ""PERSON"", ""confidence"": 0.8825, ""source"": ""neural"", ""start_token"": 9, ""end_token"": 10}, {""text"": ""मुंबई विश्वविद्यालय"", ""label"": ""ORGANIZATION"", ""confidence"": 0.9951, ""source"": ""neural"", ""start_token"": 11, ""end_token"": 13}]",राज कपूर फिल्म एंड टेलीविजन संस्थान<ORGANIZATION:0.97> ; पुणे<LOCATION:0.75> ; कपूर<PERSON:0.88> ; मुंबई विश्वविद्यालय<ORGANIZATION:1.00>
20,इंदिरा गांधी राष्ट्रीय कला केंद्र दिल्ली के अधिकारी गांधी ने इंदिरा गांधी अंतरराष्ट्रीय हवाई अड्डे पर कार्यक्रम आयोजित किया,"[{""text"": ""इंदिरा गांधी राष्ट्रीय कला केंद्र"", ""label"": ""ORGANIZATION"", ""confidence"": 0.7762, ""source"": ""neural"", ""start_token"": 0, ""end_token"": 5}, {""text"": ""दिल्ली"", ""label"": ""LOCATION"", ""confidence"": 0.9691, ""source"": ""neural"", ""start_token"": 5, ""end_token"": 6}, {""text"": ""गांधी"", ""label"": ""PERSON"", ""confidence"": 0.8843, ""source"": ""neural"", ""start_token"": 8, ""end_token"": 9}, {""text"": ""इंदिरा गांधी अंतरराष्ट्रीय हवाई अड्डे"", ""label"": ""LOCATION"", ""confidence"": 0.7026, ""source"": ""neural"", ""start_token"": 10, ""end_token"": 15}]",इंदिरा गांधी राष्ट्रीय कला केंद्र<ORGANIZATION:0.78> ; दिल्ली<LOCATION:0.97> ; गांधी<PERSON:0.88> ; इंदिरा गांधी अंतरराष्ट्रीय हवाई अड्डे<LOCATION:0.70>
21,श्री वेंकटेश्वर विश्वविद्यालय तिरुपति के प्रोफेसर वेंकटेश्वर ने आंध्र प्रदेश के तिरुपति मंदिर में व्याख्यान दिया,"[{""text"": ""श्री वेंकटेश्वर विश्वविद्यालय"", ""label"": ""ORGANIZATION"", ""confidence"": 0.9983, ""source"": ""neural"", ""start_token"": 0, ""end_token"": 3}, {""text"": ""तिरुपति"", ""label"": ""LOCATION"", ""confidence"": 0.8106, ""source"": ""neural"", ""start_token"": 3, ""end_token"": 4}, {""text"": ""प्रोफेसर वेंकटेश्वर"", ""label"": ""PERSON"", ""confidence"": 0.7767, ""source"": ""neural"", ""start_token"": 5, ""end_token"": 7}, {""text"": ""आंध्र प्रदेश"", ""label"": ""LOCATION"", ""confidence"": 0.9196, ""source"": ""neural"", ""start_token"": 8, ""end_token"": 10}, {""text"": ""तिरुपति मंदिर"", ""label"": ""LOCATION"", ""confidence"": 0.8825, ""source"": ""neural"", ""start_token"": 11, ""end_token"": 13}]",श्री वेंकटेश्वर विश्वविद्यालय<ORGANIZATION:1.00> ; तिरुपति<LOCATION:0.81> ; प्रोफेसर वेंकटेश्वर<PERSON:0.78> ; आंध्र प्रदेश<LOCATION:0.92> ; तिरुपति मंदिर<LOCATION:0.88>
22,नेशनल इंस्टिट्यूट ऑफ टेक्नोलॉजी वारंगल के पूर्व छात्र रवि कुमार ने माइक्रोसॉफ्ट इंडिया प्राइवेट लिमिटेड में नौकरी शुरू की,"[{""text"": ""नेशनल इंस्टिट्यूट ऑफ टेक्नोलॉजी वारंगल"", ""label"": ""ORGANIZATION"", ""confidence"": 0.8184, ""source"": ""neural"", ""start_token"": 0, ""end_token"": 5}, {""text"": ""रवि कुमार"", ""label"": ""PERSON"", ""confidence"": 0.9328, ""source"": ""neural"", ""start_token"": 8, ""end_token"": 10}, {""text"": ""माइक्रोसॉफ्ट इंडिया प्राइवेट लिमिटेड"", ""label"": ""ORGANIZATION"", ""confidence"": 0.9998, ""source"": ""neural"", ""start_token"": 11, ""end_token"": 15}]",नेशनल इंस्टिट्यूट ऑफ टेक्नोलॉजी वारंगल<ORGANIZATION:0.82> ; रवि कुमार<PERSON:0.93> ; माइक्रोसॉफ्ट इंडिया प्राइवेट लिमिटेड<ORGANIZATION:1.00>
23,डॉ सर्वपल्ली राधाकृष्णन राष्ट्रीय विश्वविद्यालय तिरुपति के कुलपति राधाकृष्णन ने आंध्र प्रदेश विश्वविद्यालय में भाषण दिया,"[{""text"": ""डॉ सर्वपल्ली राधाकृष्णन राष्ट्रीय विश्वविद्यालय"", ""label"": ""ORGANIZATION"", ""confidence"": 0.9887, ""source"": ""neural"", ""start_token"": 0, ""end_token"": 5}, {""text"": ""तिरुपति"", ""label"": ""LOCATION"", ""confidence"": 0.8155, ""source"": ""neural"", ""start_token"": 5, ""end_token"": 6}, {""text"": ""राधाकृष्णन"", ""label"": ""PERSON"", ""confidence"": 0.8463, ""source"": ""neural"", ""start_token"": 8, ""end_token"": 9}, {""text"": ""आंध्र प्रदेश विश्वविद्यालय"", ""label"": ""ORGANIZATION"", ""confidence"": 0.9904, ""source"": ""neural"", ""start_token"": 10, ""end_token"": 13}]",डॉ सर्वपल्ली राधाकृष्णन राष्ट्रीय विश्वविद्यालय<ORGANIZATION:0.99> ; तिरुपति<LOCATION:0.82> ; राधाकृष्णन<PERSON:0.85> ; आंध्र प्रदेश विश्वविद्यालय<ORGANIZATION:0.99>
24,पंडित जवाहरलाल नेहरू पोर्ट ट्रस्ट मुंबई के अधिकारी नेहरू ने नई दिल्ली रेलवे स्टेशन पर बैठक की,"[{""text"": ""पंडित जवाहरलाल नेहरू पोर्ट ट्रस्ट"", ""label"": ""ORGANIZATION"", ""confidence"": 0.9793, ""source"": ""neural"", ""start_token"": 0, ""end_token"": 5}, {""text"": ""मुंबई"", ""label"": ""LOCATION"", ""confidence"": 0.8057, ""source"": ""neural"", ""start_token"": 5, ""end_token"": 6}, {""text"": ""नेहरू"", ""label"": ""PERSON"", ""confidence"": 0.9677, ""source"": ""neural"", ""start_token"": 8, ""end_token"": 9}, {""text"": ""नई दिल्ली रेलवे"", ""label"": ""ORGANIZATION"", ""confidence"": 0.9071, ""source"": ""neural"", ""start_token"": 10, ""end_token"": 13}, {""text"": ""स्टेशन"", ""label"": ""LOCATION"", ""confidence"": 0.8495, ""source"": ""neural"", ""start_token"": 13, ""end_token"": 14}]",पंडित जवाहरलाल नेहरू पोर्ट ट्रस्ट<ORGANIZATION:0.98> ; मुंबई<LOCATION:0.81> ; नेहरू<PERSON:0.97> ; नई दिल्ली रेलवे<ORGANIZATION:0.91> ; स्टेशन<LOCATION:0.85>
25,सर सैयद अहमद खान अलीगढ़ मुस्लिम विश्वविद्यालय के प्रोफेसर अहमद ने उत्तर प्रदेश के अलीगढ़ में शोध प्रस्तुत किया,"[{""text"": ""सर सैयद अहमद खान अलीगढ़ मुस्लिम विश्वविद्यालय"", ""label"": ""ORGANIZATION"", ""confidence"": 0.9147, ""source"": ""neural"", ""start_token"": 0, ""end_token"": 7}, {""text"": ""प्रोफेसर अहमद"", ""label"": ""PERSON"", ""confidence"": 0.7368, ""source"": ""neural"", ""start_token"": 8, ""end_token"": 10}, {""text"": ""उत्तर प्रदेश"", ""label"": ""LOCATION"", ""confidence"": 0.9496, ""source"": ""neural"", ""start_token"": 11, ""end_token"": 13}, {""text"": ""अलीगढ़"", ""label"": ""LOCATION"", ""confidence"": 0.9891, ""source"": ""neural"", ""start_token"": 14, ""end_token"": 15}]",सर सैयद अहमद खान अलीगढ़ मुस्लिम विश्वविद्यालय<ORGANIZATION:0.91> ; प्रोफेसर अहमद<PERSON:0.74> ; उत्तर प्रदेश<LOCATION:0.95> ; अलीगढ़<LOCATION:0.99>
26,राजीव गांधी अंतरराष्ट्रीय क्रिकेट स्टेडियम हैदराबाद के खिलाड़ी गांधी ने मुंबई इंडियंस टीम के साथ मैच खेला,"[{""text"": ""राजीव गांधी"", ""label"": ""PERSON"", ""confidence"": 0.7811, ""source"": ""neural"", ""start_token"": 0, ""end_token"": 2}, {""text"": ""अंतरराष्ट्रीय"", ""label"": ""LOCATION"", ""confidence"": 0.5137, ""source"": ""neural"", ""start_token"": 2, ""end_token"": 3}, {""text"": ""क्रिकेट"", ""label"": ""ORGANIZATION"", ""confidence"": 0.6053, ""source"": ""neural"", ""start_token"": 3, ""end_token"": 4}, {""text"": ""स्टेडियम"", ""label"": ""LOCATION"", ""confidence"": 0.4742, ""source"": ""neural"", ""start_token"": 4, ""end_token"": 5}, {""text"": ""हैदराबाद"", ""label"": ""LOCATION"", ""confidence"": 0.6539, ""source"": ""neural"", ""start_token"": 5, ""end_token"": 6}, {""text"": ""गांधी"", ""label"": ""PERSON"", ""confidence"": 0.9298, ""source"": ""neural"", ""start_token"": 8, ""end_token"": 9}, {""text"": ""मुंबई इंडियंस टीम"", ""label"": ""ORGANIZATION"", ""confidence"": 0.8999, ""source"": ""neural"", ""start_token"": 10, ""end_token"": 13}]",राजीव गांधी<PERSON:0.78> ; अंतरराष्ट्रीय<LOCATION:0.51> ; क्रिकेट<ORGANIZATION:0.61> ; स्टेडियम<LOCATION:0.47> ; हैदराबाद<LOCATION:0.65> ; गांधी<PERSON:0.93> ; मुंबई इंडियंस टीम<ORGANIZATION:0.90>
27,बिरला इंस्टीट्यूट ऑफ टेक्नोलॉजी एंड साइंस पिलानी के छात्र बिरला ने राजस्थान विश्वविद्यालय में प्रवेश लिया,"[{""text"": ""बिरला इंस्टीट्यूट ऑफ टेक्नोलॉजी एंड साइंस पिलानी"", ""label"": ""ORGANIZATION"", ""confidence"": 0.9154, ""source"": ""neural"", ""start_token"": 0, ""end_token"": 7}, {""text"": ""बिरला"", ""label"": ""PERSON"", ""confidence"": 0.9481, ""source"": ""neural"", ""start_token"": 9, ""end_token"": 10}, {""text"": ""राजस्थान विश्वविद्यालय"", ""label"": ""ORGANIZATION"", ""confidence"": 0.9937, ""source"": ""neural"", ""start_token"": 11, ""end_token"": 13}]",बिरला इंस्टीट्यूट ऑफ टेक्नोलॉजी एंड साइंस पिलानी<ORGANIZATION:0.92> ; बिरला<PERSON:0.95> ; राजस्थान विश्वविद्यालय<ORGANIZATION:0.99>
28,इंदिरा गांधी राष्ट्रीय मुक्त विश्वविद्यालय के छात्र गांधी ने अमेठी में इंदिरा गांधी मेमोरियल कार्यक्रम में भाग लिया,"[{""text"": ""इंदिरा गांधी राष्ट्रीय मुक्त विश्वविद्यालय"", ""label"": ""ORGANIZATION"", ""confidence"": 0.9973, ""source"": ""neural"", ""start_token"": 0, ""end_token"": 5}, {""text"": ""गांधी"", ""label"": ""PERSON"", ""confidence"": 0.8575, ""source"": ""neural"", ""start_token"": 7, ""end_token"": 8}, {""text"": ""अमेठी"", ""label"": ""LOCATION"", ""confidence"": 0.9684, ""source"": ""neural"", ""start_token"": 9, ""end_token"": 10}, {""text"": ""इंदिरा गांधी"", ""label"": ""PERSON"", ""confidence"": 0.8249, ""source"": ""neural"", ""start_token"": 11, ""end_token"": 13}]",इंदिरा गांधी राष्ट्रीय मुक्त विश्वविद्यालय<ORGANIZATION:1.00> ; गांधी<PERSON:0.86> ; अमेठी<LOCATION:0.97> ; इंदिरा गांधी<PERSON:0.82>
29,नेताजी सुभाष चंद्र बोस अंतरराष्ट्रीय हवाई अड्डा कोलकाता के कर्मचारी बोस ने दिल्ली हवाई अड्डे पर कार्यभार संभाला,"[{""text"": ""नेताजी सुभाष चंद्र बोस"", ""label"": ""PERSON"", ""confidence"": 0.5293, ""source"": ""neural"", ""start_token"": 0, ""end_token"": 4}, {""text"": ""अंतरराष्ट्रीय हवाई अड्डा"", ""label"": ""LOCATION"", ""confidence"": 0.6582, ""source"": ""neural"", ""start_token"": 4, ""end_token"": 7}, {""text"": ""कोलकाता"", ""label"": ""LOCATION"", ""confidence"": 0.9831, ""source"": ""neural"", ""start_token"": 7, ""end_token"": 8}, {""text"": ""बोस"", ""label"": ""PERSON"", ""confidence"": 0.8203, ""source"": ""neural"", ""start_token"": 10, ""end_token"": 11}, {""text"": ""दिल्ली"", ""label"": ""LOCATION"", ""confidence"": 0.9939, ""source"": ""neural"", ""start_token"": 12, ""end_token"": 13}, {""text"": ""अड्डे"", ""label"": ""LOCATION"", ""confidence"": 0.5813, ""source"": ""neural"", ""start_token"": 14, ""end_token"": 15}]",नेताजी सुभाष चंद्र बोस<PERSON:0.53> ; अंतरराष्ट्रीय हवाई अड्डा<LOCATION:0.66> ; कोलकाता<LOCATION:0.98> ; बोस<PERSON:0.82> ; दिल्ली<LOCATION:0.99> ; अड्डे<LOCATION:0.58>
30,भगत सिंह राष्ट्रीय प्रौद्योगिकी संस्थान जालंधर के छात्र सिंह ने पंजाब के भगत सिंह नगर में सम्मेलन में भाग लिया,"[{""text"": ""भगत सिंह राष्ट्रीय प्रौद्योगिकी संस्थान"", ""label"": ""ORGANIZATION"", ""confidence"": 0.9659, ""source"": ""neural"", ""start_token"": 0, ""end_token"": 5}, {""text"": ""जालंधर"", ""label"": ""LOCATION"", ""confidence"": 0.7722, ""source"": ""neural"", ""start_token"": 5, ""end_token"": 6}, {""text"": ""सिंह"", ""label"": ""PERSON"", ""confidence"": 0.7876, ""source"": ""neural"", ""start_token"": 8, ""end_token"": 9}, {""text"": ""पंजाब"", ""label"": ""LOCATION"", ""confidence"": 0.9942, ""source"": ""neural"", ""start_token"": 10, ""end_token"": 11}, {""text"": ""भगत सिंह नगर"", ""label"": ""LOCATION"", ""confidence"": 0.7692, ""source"": ""neural"", ""start_token"": 12, ""end_token"": 15}]",भगत सिंह राष्ट्रीय प्रौद्योगिकी संस्थान<ORGANIZATION:0.97> ; जालंधर<LOCATION:0.77> ; सिंह<PERSON:0.79> ; पंजाब<LOCATION:0.99> ; भगत सिंह नगर<LOCATION:0.77>
31,चंद्रशेखर आजाद कृषि एवं प्रौद्योगिकी विश्वविद्यालय कानपुर के वैज्ञानिक आजाद ने उत्तर प्रदेश के आजाद नगर में शोध किया,"[{""text"": ""चंद्रशेखर आजाद कृषि एवं प्रौद्योगिकी विश्वविद्यालय"", ""label"": ""ORGANIZATION"", ""confidence"": 0.9599, ""source"": ""neural"", ""start_token"": 0, ""end_token"": 6}, {""text"": ""कानपुर"", ""label"": ""LOCATION"", ""confidence"": 0.9765, ""source"": ""neural"", ""start_token"": 6, ""end_token"": 7}, {""text"": ""आजाद"", ""label"": ""PERSON"", ""confidence"": 0.9606, ""source"": ""neural"", ""start_token"": 9, ""end_token"": 10}, {""text"": ""उत्तर प्रदेश"", ""label"": ""LOCATION"", ""confidence"": 0.943, ""source"": ""neural"", ""start_token"": 11, ""end_token"": 13}, {""text"": ""आजाद नगर"", ""label"": ""LOCATION"", ""confidence"": 0.8138, ""source"": ""neural"", ""start_token"": 14, ""end_token"": 16}]",चंद्रशेखर आजाद कृषि एवं प्रौद्योगिकी विश्वविद्यालय<ORGANIZATION:0.96> ; कानपुर<LOCATION:0.98> ; आजाद<PERSON:0.96> ; उत्तर प्रदेश<LOCATION:0.94> ; आजाद नगर<LOCATION:0.81>
32,मौलाना अबुल कलाम आजाद राष्ट्रीय प्रौद्योगिकी संस्थान भोपाल के प्रोफेसर आजाद ने दिल्ली के मौलाना आजाद रोड पर व्याख्यान दिया,"[{""text"": ""मौलाना अबुल कलाम आजाद राष्ट्रीय प्रौद्योगिकी संस्थान"", ""label"": ""ORGANIZATION"", ""confidence"": 0.9712, ""source"": ""neural"", ""start_token"": 0, ""end_token"": 7}, {""text"": ""भोपाल"", ""label"": ""LOCATION"", ""confidence"": 0.9401, ""source"": ""neural"", ""start_token"": 7, ""end_token"": 8}, {""text"": ""प्रोफेसर आजाद"", ""label"": ""PERSON"", ""confidence"": 0.7866, ""source"": ""neural"", ""start_token"": 9, ""end_token"": 11}, {""text"": ""दिल्ली"", ""label"": ""LOCATION"", ""confidence"": 0.9965, ""source"": ""neural"", ""start_token"": 12, ""end_token"": 13}, {""text"": ""मौलाना आजाद रोड"", ""label"": ""LOCATION"", ""confidence"": 0.8239, ""source"": ""neural"", ""start_token"": 14, ""end_token"": 17}]",मौलाना अबुल कलाम आजाद राष्ट्रीय प्रौद्योगिकी संस्थान<ORGANIZATION:0.97> ; भोपाल<LOCATION:0.94> ; प्रोफेसर आजाद<PERSON:0.79> ; दिल्ली<LOCATION:1.00> ; मौलाना आजाद रोड<LOCATION:0.82>
33,धीरूभाई अंबानी अंतरराष्ट्रीय स्कूल मुंबई के छात्र अंबानी ने रिलायंस इंडस्ट्रीज लिमिटेड में इंटर्नशिप शुरू की,"[{""text"": ""धीरूभाई अंबानी अंतरराष्ट्रीय स्कूल"", ""label"": ""ORGANIZATION"", ""confidence"": 0.9839, ""source"": ""neural"", ""start_token"": 0, ""end_token"": 4}, {""text"": ""मुंबई"", ""label"": ""LOCATION"", ""confidence"": 0.8868, ""source"": ""neural"", ""start_token"": 4, ""end_token"": 5}, {""text"": ""अंबानी"", ""label"": ""PERSON"", ""confidence"": 0.8736, ""source"": ""neural"", ""start_token"": 7, ""end_token"": 8}, {""text"": ""रिलायंस इंडस्ट्रीज लिमिटेड"", ""label"": ""ORGANIZATION"", ""confidence"": 0.9998, ""source"": ""neural"", ""start_token"": 9, ""end_token"": 12}]",धीरूभाई अंबानी अंतरराष्ट्रीय स्कूल<ORGANIZATION:0.98> ; मुंबई<LOCATION:0.89> ; अंबानी<PERSON:0.87> ; रिलायंस इंडस्ट्रीज लिमिटेड<ORGANIZATION:1.00>
34,भारतीय स्टेट बैंक मुंबई के प्रबंधक शर्मा ने स्टेट बैंक ऑफ इंडिया की दिल्ली शाखा में कार्यभार संभाला,"[{""text"": ""भारतीय स्टेट बैंक"", ""label"": ""ORGANIZATION"", ""confidence"": 0.9978, ""source"": ""neural"", ""start_token"": 0, ""end_token"": 3}, {""text"": ""मुंबई"", ""label"": ""LOCATION"", ""confidence"": 0.9556, ""source"": ""neural"", ""start_token"": 3, ""end_token"": 4}, {""text"": ""शर्मा"", ""label"": ""PERSON"", ""confidence"": 0.957, ""source"": ""neural"", ""start_token"": 6, ""end_token"": 7}, {""text"": ""स्टेट बैंक ऑफ इंडिया"", ""label"": ""ORGANIZATION"", ""confidence"": 0.9734, ""source"": ""neural"", ""start_token"": 8, ""end_token"": 12}, {""text"": ""दिल्ली"", ""label"": ""LOCATION"", ""confidence"": 0.9929, ""source"": ""neural"", ""start_token"": 13, ""end_token"": 14}]",भारतीय स्टेट बैंक<ORGANIZATION:1.00> ; मुंबई<LOCATION:0.96> ; शर्मा<PERSON:0.96> ; स्टेट बैंक ऑफ इंडिया<ORGANIZATION:0.97> ; दिल्ली<LOCATION:0.99>
35,प्रेस ट्रस्ट ऑफ इंडिया दिल्ली के पत्रकार वर्मा ने इंडिया टुडे समूह में वर्मा के साथ साक्षात्कार किया,"[{""text"": ""प्रेस ट्रस्ट ऑफ इंडिया"", ""label"": ""ORGANIZATION"", ""confidence"": 0.9739, ""source"": ""neural"", ""start_token"": 0, ""end_token"": 4}, {""text"": ""दिल्ली"", ""label"": ""LOCATION"", ""confidence"": 0.951, ""source"": ""neural"", ""start_token"": 4, ""end_token"": 5}, {""text"": ""वर्मा"", ""label"": ""PERSON"", ""confidence"": 0.9645, ""source"": ""neural"", ""start_token"": 7, ""end_token"": 8}, {""text"": ""इंडिया टुडे समूह"", ""label"": ""ORGANIZATION"", ""confidence"": 0.8848, ""source"": ""neural"", ""start_token"": 9, ""end_token"": 12}, {""text"": ""वर्मा"", ""label"": ""PERSON"", ""confidence"": 0.884, ""source"": ""neural"", ""start_token"": 13, ""end_token"": 14}]",प्रेस ट्रस्ट ऑफ इंडिया<ORGANIZATION:0.97> ; दिल्ली<LOCATION:0.95> ; वर्मा<PERSON:0.96> ; इंडिया टुडे समूह<ORGANIZATION:0.88> ; वर्मा<PERSON:0.88>
36,राजेंद्र प्रसाद केंद्रीय कृषि विश्वविद्यालय समस्तीपुर के वैज्ञानिक प्रसाद ने टाटा कंसल्टेंसी सर्विसेज में परियोजना शुरू की,"[{""text"": ""राजेंद्र"", ""label"": ""PERSON"", ""confidence"": 0.9527, ""source"": ""neural"", ""start_token"": 0, ""end_token"": 1}, {""text"": ""प्रसाद केंद्रीय कृषि विश्वविद्यालय"", ""label"": ""ORGANIZATION"", ""confidence"": 0.9482, ""source"": ""neural"", ""start_token"": 1, ""end_token"": 5}, {""text"": ""समस्तीपुर"", ""label"": ""LOCATION"", ""confidence"": 0.9581, ""source"": ""neural"", ""start_token"": 5, ""end_token"": 6}, {""text"": ""प्रसाद"", ""label"": ""PERSON"", ""confidence"": 0.9202, ""source"": ""neural"", ""start_token"": 8, ""end_token"": 9}, {""text"": ""टाटा कंसल्टेंसी सर्विसेज"", ""label"": ""ORGANIZATION"", ""confidence"": 0.9804, ""source"": ""neural"", ""start_token"": 10, ""end_token"": 13}]",राजेंद्र<PERSON:0.95> ; प्रसाद केंद्रीय कृषि विश्वविद्यालय<ORGANIZATION:0.95> ; समस्तीपुर<LOCATION:0.96> ; प्रसाद<PERSON:0.92> ; टाटा कंसल्टेंसी सर्विसेज<ORGANIZATION:0.98>
37,डॉ बी आर अंबेडकर राष्ट्रीय विधि विश्वविद्यालय रायपुर के छात्र अंबेडकर ने सुप्रीम कोर्ट ऑफ इंडिया में याचिका दायर की,"[{""text"": ""डॉ बी आर अंबेडकर राष्ट्रीय विधि विश्वविद्यालय"", ""label"": ""ORGANIZATION"", ""confidence"": 0.9849, ""source"": ""neural"", ""start_token"": 0, ""end_token"": 7}, {""text"": ""रायपुर"", ""label"": ""LOCATION"", ""confidence"": 0.9874, ""source"": ""neural"", ""start_token"": 7, ""end_token"": 8}, {""text"": ""अंबेडकर"", ""label"": ""PERSON"", ""confidence"": 0.8325, ""source"": ""neural"", ""start_token"": 10, ""end_token"": 11}, {""text"": ""सुप्रीम कोर्ट ऑफ इंडिया"", ""label"": ""ORGANIZATION"", ""confidence"": 0.9242, ""source"": ""neural"", ""start_token"": 12, ""end_token"": 16}]",डॉ बी आर अंबेडकर राष्ट्रीय विधि विश्वविद्यालय<ORGANIZATION:0.98> ; रायपुर<LOCATION:0.99> ; अंबेडकर<PERSON:0.83> ; सुप्रीम कोर्ट ऑफ इंडिया<ORGANIZATION:0.92>
38,सुभाष चंद्र बोस अंतरराष्ट्रीय हवाई अड्डा कोलकाता के कर्मचारी बोस ने नेताजी नगर में बैठक की,"[{""text"": ""सुभाष चंद्र बोस"", ""label"": ""PERSON"", ""confidence"": 0.899, ""source"": ""neural"", ""start_token"": 0, ""end_token"": 3}, {""text"": ""अंतरराष्ट्रीय हवाई अड्डा"", ""label"": ""LOCATION"", ""confidence"": 0.593, ""source"": ""neural"", ""start_token"": 3, ""end_token"": 6}, {""text"": ""कोलकाता"", ""label"": ""LOCATION"", ""confidence"": 0.9559, ""source"": ""neural"", ""start_token"": 6, ""end_token"": 7}, {""text"": ""बोस"", ""label"": ""PERSON"", ""confidence"": 0.7921, ""source"": ""neural"", ""start_token"": 9, ""end_token"": 10}, {""text"": ""नेताजी नगर"", ""label"": ""LOCATION"", ""confidence"": 0.7569, ""source"": ""neural"", ""start_token"": 11, ""end_token"": 13}]",सुभाष चंद्र बोस<PERSON:0.90> ; अंतरराष्ट्रीय हवाई अड्डा<LOCATION:0.59> ; कोलकाता<LOCATION:0.96> ; बोस<PERSON:0.79> ; नेताजी नगर<LOCATION:0.76>
39,डॉ भीमराव आंबेडकर विश्वविद्यालय दिल्ली के छात्र आंबेडकर ने महाराष्ट्र के आंबेडकर नगर में शोध किया,"[{""text"": ""डॉ भीमराव आंबेडकर विश्वविद्यालय"", ""label"": ""ORGANIZATION"", ""confidence"": 0.9983, ""source"": ""neural"", ""start_token"": 0, ""end_token"": 4}, {""text"": ""दिल्ली"", ""label"": ""LOCATION"", ""confidence"": 0.8523, ""source"": ""neural"", ""start_token"": 4, ""end_token"": 5}, {""text"": ""आंबेडकर"", ""label"": ""PERSON"", ""confidence"": 0.9409, ""source"": ""neural"", ""start_token"": 7, ""end_token"": 8}, {""text"": ""महाराष्ट्र"", ""label"": ""LOCATION"", ""confidence"": 0.9962, ""source"": ""neural"", ""start_token"": 9, ""end_token"": 10}, {""text"": ""आंबेडकर नगर"", ""label"": ""LOCATION"", ""confidence"": 0.8162, ""source"": ""neural"", ""start_token"": 11, ""end_token"": 13}]",डॉ भीमराव आंबेडकर विश्वविद्यालय<ORGANIZATION:1.00> ; दिल्ली<LOCATION:0.85> ; आंबेडकर<PERSON:0.94> ; महाराष्ट्र<LOCATION:1.00> ; आंबेडकर नगर<LOCATION:0.82>
40,मौलाना आजाद राष्ट्रीय प्रौद्योगिकी संस्थान भोपाल के प्रोफेसर आजाद ने आजाद मार्केट दिल्ली में भाषण दिया,"[{""text"": ""मौलाना आजाद राष्ट्रीय प्रौद्योगिकी संस्थान"", ""label"": ""ORGANIZATION"", ""confidence"": 0.9837, ""source"": ""neural"", ""start_token"": 0, ""end_token"": 5}, {""text"": ""भोपाल"", ""label"": ""LOCATION"", ""confidence"": 0.9508, ""source"": ""neural"", ""start_token"": 5, ""end_token"": 6}, {""text"": ""प्रोफेसर आजाद"", ""label"": ""PERSON"", ""confidence"": 0.7767, ""source"": ""neural"", ""start_token"": 7, ""end_token"": 9}, {""text"": ""आजाद मार्केट"", ""label"": ""LOCATION"", ""confidence"": 0.9348, ""source"": ""neural"", ""start_token"": 10, ""end_token"": 12}, {""text"": ""दिल्ली"", ""label"": ""LOCATION"", ""confidence"": 0.7947, ""source"": ""neural"", ""start_token"": 12, ""end_token"": 13}]",मौलाना आजाद राष्ट्रीय प्रौद्योगिकी संस्थान<ORGANIZATION:0.98> ; भोपाल<LOCATION:0.95> ; प्रोफेसर आजाद<PERSON:0.78> ; आजाद मार्केट<LOCATION:0.93> ; दिल्ली<LOCATION:0.79>
41,राजीव गांधी अंतरराष्ट्रीय क्रिकेट स्टेडियम हैदराबाद के खिलाड़ी गांधी ने गांधी नगर में मैच खेला,"[{""text"": ""राजीव"", ""label"": ""LOCATION"", ""confidence"": 0.3558, ""source"": ""neural"", ""start_token"": 0, ""end_token"": 1}, {""text"": ""गांधी"", ""label"": ""PERSON"", ""confidence"": 0.4124, ""source"": ""neural"", ""start_token"": 1, ""end_token"": 2}, {""text"": ""अंतरराष्ट्रीय"", ""label"": ""LOCATION"", ""confidence"": 0.5594, ""source"": ""neural"", ""start_token"": 2, ""end_token"": 3}, {""text"": ""क्रिकेट"", ""label"": ""ORGANIZATION"", ""confidence"": 0.486, ""source"": ""neural"", ""start_token"": 3, ""end_token"": 4}, {""text"": ""स्टेडियम"", ""label"": ""LOCATION"", ""confidence"": 0.5519, ""source"": ""neural"", ""start_token"": 4, ""end_token"": 5}, {""text"": ""हैदराबाद"", ""label"": ""LOCATION"", ""confidence"": 0.8397, ""source"": ""neural"", ""start_token"": 5, ""end_token"": 6}, {""text"": ""गांधी"", ""label"": ""PERSON"", ""confidence"": 0.9487, ""source"": ""neural"", ""start_token"": 8, ""end_token"": 9}, {""text"": ""गांधी नगर"", ""label"": ""LOCATION"", ""confidence"": 0.803, ""source"": ""neural"", ""start_token"": 10, ""end_token"": 12}]",राजीव<LOCATION:0.36> ; गांधी<PERSON:0.41> ; अंतरराष्ट्रीय<LOCATION:0.56> ; क्रिकेट<ORGANIZATION:0.49> ; स्टेडियम<LOCATION:0.55> ; हैदराबाद<LOCATION:0.84> ; गांधी<PERSON:0.95> ; गांधी नगर<LOCATION:0.80>
42,टाटा इंस्टीट्यूट ऑफ फंडामेंटल रिसर्च मुंबई के वैज्ञानिक टाटा ने टाटा नगर झारखंड में सम्मेलन किया,"[{""text"": ""टाटा इंस्टीट्यूट ऑफ फंडामेंटल रिसर्च"", ""label"": ""ORGANIZATION"", ""confidence"": 0.9705, ""source"": ""neural"", ""start_token"": 0, ""end_token"": 5}, {""text"": ""मुंबई"", ""label"": ""LOCATION"", ""confidence"": 0.9411, ""source"": ""neural"", ""start_token"": 5, ""end_token"": 6}, {""text"": ""टाटा"", ""label"": ""PERSON"", ""confidence"": 0.9671, ""source"": ""neural"", ""start_token"": 8, ""end_token"": 9}, {""text"": ""टाटा नगर"", ""label"": ""LOCATION"", ""confidence"": 0.7591, ""source"": ""neural"", ""start_token"": 10, ""end_token"": 12}, {""text"": ""झारखंड"", ""label"": ""LOCATION"", ""confidence"": 0.9771, ""source"": ""neural"", ""start_token"": 12, ""end_token"": 13}]",टाटा इंस्टीट्यूट ऑफ फंडामेंटल रिसर्च<ORGANIZATION:0.97> ; मुंबई<LOCATION:0.94> ; टाटा<PERSON:0.97> ; टाटा नगर<LOCATION:0.76> ; झारखंड<LOCATION:0.98>
43,इंदिरा गांधी राष्ट्रीय मुक्त विश्वविद्यालय के छात्र गांधी ने इंदिरा गांधी मेमोरियल दिल्ली में भाग लिया,"[{""text"": ""इंदिरा गांधी राष्ट्रीय मुक्त विश्वविद्यालय"", ""label"": ""ORGANIZATION"", ""confidence"": 0.9964, ""source"": ""neural"", ""start_token"": 0, ""end_token"": 5}, {""text"": ""गांधी"", ""label"": ""PERSON"", ""confidence"": 0.8705, ""source"": ""neural"", ""start_token"": 7, ""end_token"": 8}, {""text"": ""इंदिरा गांधी मेमोरियल"", ""label"": ""LOCATION"", ""confidence"": 0.8779, ""source"": ""neural"", ""start_token"": 9, ""end_token"": 12}, {""text"": ""दिल्ली"", ""label"": ""LOCATION"", ""confidence"": 0.8093, ""source"": ""neural"", ""start_token"": 12, ""end_token"": 13}]",इंदिरा गांधी राष्ट्रीय मुक्त विश्वविद्यालय<ORGANIZATION:1.00> ; गांधी<PERSON:0.87> ; इंदिरा गांधी मेमोरियल<LOCATION:0.88> ; दिल्ली<LOCATION:0.81>
44,चंद्रशेखर आजाद कृषि विश्वविद्यालय कानपुर के वैज्ञानिक आजाद ने आजाद नगर कानपुर में प्रयोग किया,"[{""text"": ""चंद्रशेखर आजाद कृषि विश्वविद्यालय"", ""label"": ""ORGANIZATION"", ""confidence"": 0.9984, ""source"": ""neural"", ""start_token"": 0, ""end_token"": 4}, {""text"": ""कानपुर"", ""label"": ""LOCATION"", ""confidence"": 0.9412, ""source"": ""neural"", ""start_token"": 4, ""end_token"": 5}, {""text"": ""आजाद"", ""label"": ""PERSON"", ""confidence"": 0.9519, ""source"": ""neural"", ""start_token"": 7, ""end_token"": 8}, {""text"": ""आजाद नगर"", ""label"": ""LOCATION"", ""confidence"": 0.8148, ""source"": ""neural"", ""start_token"": 9, ""end_token"": 11}, {""text"": ""कानपुर"", ""label"": ""LOCATION"", ""confidence"": 0.9024, ""source"": ""neural"", ""start_token"": 11, ""end_token"": 12}]",चंद्रशेखर आजाद कृषि विश्वविद्यालय<ORGANIZATION:1.00> ; कानपुर<LOCATION:0.94> ; आजाद<PERSON:0.95> ; आजाद नगर<LOCATION:0.81> ; कानपुर<LOCATION:0.90>
45,भगत सिंह राष्ट्रीय प्रौद्योगिकी संस्थान जालंधर के छात्र सिंह ने पंजाब के भगत सिंह नगर में कार्यक्रम किया,"[{""text"": ""भगत सिंह राष्ट्रीय प्रौद्योगिकी संस्थान"", ""label"": ""ORGANIZATION"", ""confidence"": 0.9694, ""source"": ""neural"", ""start_token"": 0, ""end_token"": 5}, {""text"": ""जालंधर"", ""label"": ""LOCATION"", ""confidence"": 0.7187, ""source"": ""neural"", ""start_token"": 5, ""end_token"": 6}, {""text"": ""सिंह"", ""label"": ""PERSON"", ""confidence"": 0.7515, ""source"": ""neural"", ""start_token"": 8, ""end_token"": 9}, {""text"": ""पंजाब"", ""label"": ""LOCATION"", ""confidence"": 0.9947, ""source"": ""neural"", ""start_token"": 10, ""end_token"": 11}, {""text"": ""भगत सिंह नगर"", ""label"": ""LOCATION"", ""confidence"": 0.7931, ""source"": ""neural"", ""start_token"": 12, ""end_token"": 15}]",भगत सिंह राष्ट्रीय प्रौद्योगिकी संस्थान<ORGANIZATION:0.97> ; जालंधर<LOCATION:0.72> ; सिंह<PERSON:0.75> ; पंजाब<LOCATION:0.99> ; भगत सिंह नगर<LOCATION:0.79>
46,लाल बहादुर शास्त्री राष्ट्रीय प्रशासन अकादमी मसूरी के अधिकारी शास्त्री ने उत्तर प्रदेश के शास्त्री नगर में भाषण दिया,"[{""text"": ""लाल बहादुर शास्त्री राष्ट्रीय प्रशासन अकादमी"", ""label"": ""ORGANIZATION"", ""confidence"": 0.9751, ""source"": ""neural"", ""start_token"": 0, ""end_token"": 6}, {""text"": ""मसूरी"", ""label"": ""LOCATION"", ""confidence"": 0.9101, ""source"": ""neural"", ""start_token"": 6, ""end_token"": 7}, {""text"": ""शास्त्री"", ""label"": ""PERSON"", ""confidence"": 0.8367, ""source"": ""neural"", ""start_token"": 9, ""end_token"": 10}, {""text"": ""उत्तर प्रदेश"", ""label"": ""LOCATION"", ""confidence"": 0.9246, ""source"": ""neural"", ""start_token"": 11, ""end_token"": 13}, {""text"": ""शास्त्री नगर"", ""label"": ""LOCATION"", ""confidence"": 0.732, ""source"": ""neural"", ""start_token"": 14, ""end_token"": 16}]",लाल बहादुर शास्त्री राष्ट्रीय प्रशासन अकादमी<ORGANIZATION:0.98> ; मसूरी<LOCATION:0.91> ; शास्त्री<PERSON:0.84> ; उत्तर प्रदेश<LOCATION:0.92> ; शास्त्री नगर<LOCATION:0.73>
47,किंग जॉर्ज मेडिकल विश्वविद्यालय लखनऊ के डॉक्टर जॉर्ज ने लखनऊ के जॉर्ज टाउन में इलाज किया,"[{""text"": ""किंग जॉर्ज मेडिकल विश्वविद्यालय"", ""label"": ""ORGANIZATION"", ""confidence"": 0.9986, ""source"": ""neural"", ""start_token"": 0, ""end_token"": 4}, {""text"": ""लखनऊ"", ""label"": ""LOCATION"", ""confidence"": 0.8875, ""source"": ""neural"", ""start_token"": 4, ""end_token"": 5}, {""text"": ""डॉक्टर जॉर्ज"", ""label"": ""PERSON"", ""confidence"": 0.795, ""source"": ""neural"", ""start_token"": 6, ""end_token"": 8}, {""text"": ""लखनऊ"", ""label"": ""LOCATION"", ""confidence"": 0.9889, ""source"": ""neural"", ""start_token"": 9, ""end_token"": 10}, {""text"": ""जॉर्ज टाउन"", ""label"": ""LOCATION"", ""confidence"": 0.8775, ""source"": ""neural"", ""start_token"": 11, ""end_token"": 13}]",किंग जॉर्ज मेडिकल विश्वविद्यालय<ORGANIZATION:1.00> ; लखनऊ<LOCATION:0.89> ; डॉक्टर जॉर्ज<PERSON:0.80> ; लखनऊ<LOCATION:0.99> ; जॉर्ज टाउन<LOCATION:0.88>
48,सरदार वल्लभभाई पटेल राष्ट्रीय पुलिस अकादमी हैदराबाद के अधिकारी पटेल ने गुजरात के सरदार पटेल नगर में प्रशिक्षण लिया,"[{""text"": ""सरदार वल्लभभाई पटेल राष्ट्रीय पुलिस अकादमी"", ""label"": ""ORGANIZATION"", ""confidence"": 0.9905, ""source"": ""neural"", ""start_token"": 0, ""end_token"": 6}, {""text"": ""हैदराबाद"", ""label"": ""LOCATION"", ""confidence"": 0.9204, ""source"": ""neural"", ""start_token"": 6, ""end_token"": 7}, {""text"": ""पटेल"", ""label"": ""PERSON"", ""confidence"": 0.9057, ""source"": ""neural"", ""start_token"": 9, ""end_token"": 10}, {""text"": ""गुजरात"", ""label"": ""LOCATION"", ""confidence"": 0.9973, ""source"": ""neural"", ""start_token"": 11, ""end_token"": 12}, {""text"": ""सरदार"", ""label"": ""PERSON"", ""confidence"": 0.7816, ""source"": ""neural"", ""start_token"": 13, ""end_token"": 14}, {""text"": ""पटेल नगर"", ""label"": ""LOCATION"", ""confidence"": 0.6996, ""source"": ""neural"", ""start_token"": 14, ""end_token"": 16}]",सरदार वल्लभभाई पटेल राष्ट्रीय पुलिस अकादमी<ORGANIZATION:0.99> ; हैदराबाद<LOCATION:0.92> ; पटेल<PERSON:0.91> ; गुजरात<LOCATION:1.00> ; सरदार<PERSON:0.78> ; पटेल नगर<LOCATION:0.70>
49,डॉ एपीजे अब्दुल कलाम तकनीकी विश्वविद्यालय लखनऊ के प्रोफेसर कलाम ने उत्तर प्रदेश के कलाम नगर में शोध प्रस्तुत किया,"[{""text"": ""डॉ एपीजे अब्दुल कलाम तकनीकी विश्वविद्यालय"", ""label"": ""ORGANIZATION"", ""confidence"": 0.9967, ""source"": ""neural"", ""start_token"": 0, ""end_token"": 6}, {""text"": ""लखनऊ"", ""label"": ""LOCATION"", ""confidence"": 0.9629, ""source"": ""neural"", ""start_token"": 6, ""end_token"": 7}, {""text"": ""प्रोफेसर कलाम"", ""label"": ""PERSON"", ""confidence"": 0.7767, ""source"": ""neural"", ""start_token"": 8, ""end_token"": 10}, {""text"": ""उत्तर प्रदेश"", ""label"": ""LOCATION"", ""confidence"": 0.9413, ""source"": ""neural"", ""start_token"": 11, ""end_token"": 13}, {""text"": ""कलाम नगर"", ""label"": ""LOCATION"", ""confidence"": 0.7583, ""source"": ""neural"", ""start_token"": 14, ""end_token"": 16}]",डॉ एपीजे अब्दुल कलाम तकनीकी विश्वविद्यालय<ORGANIZATION:1.00> ; लखनऊ<LOCATION:0.96> ; प्रोफेसर कलाम<PERSON:0.78> ; उत्तर प्रदेश<LOCATION:0.94> ; कलाम नगर<LOCATION:0.76>
50,राम स्कूल जा रहा है।,"[{""text"": ""राम"", ""label"": ""LOCATION"", ""confidence"": 0.8851, ""source"": ""neural"", ""start_token"": 0, ""end_token"": 1}, {""text"": ""स्कूल"", ""label"": ""ORGANIZATION"", ""confidence"": 0.8704, ""source"": ""neural"", ""start_token"": 1, ""end_token"": 2}]",राम<LOCATION:0.89> ; स्कूल<ORGANIZATION:0.87>
51,सीता मुंबई में रहती है,"[{""text"": ""सीता"", ""label"": ""PERSON"", ""confidence"": 0.9344, ""source"": ""neural"", ""start_token"": 0, ""end_token"": 1}, {""text"": ""मुंबई"", ""label"": ""LOCATION"", ""confidence"": 0.9932, ""source"": ""neural"", ""start_token"": 1, ""end_token"": 2}]",सीता<PERSON:0.93> ; मुंबई<LOCATION:0.99>
52,अनुज हैदराबाद में पढ़ाई कर रहा है,"[{""text"": ""अनुज"", ""label"": ""PERSON"", ""confidence"": 0.9795, ""source"": ""neural"", ""start_token"": 0, ""end_token"": 1}, {""text"": ""हैदराबाद"", ""label"": ""LOCATION"", ""confidence"": 0.9815, ""source"": ""neural"", ""start_token"": 1, ""end_token"": 2}]",अनुज<PERSON:0.98> ; हैदराबाद<LOCATION:0.98>
53,रवि चेन्नई में काम करता है,"[{""text"": ""रवि"", ""label"": ""TIME"", ""confidence"": 0.9192, ""source"": ""neural"", ""start_token"": 0, ""end_token"": 1}, {""text"": ""चेन्नई"", ""label"": ""LOCATION"", ""confidence"": 0.9861, ""source"": ""neural"", ""start_token"": 1, ""end_token"": 2}]",रवि<TIME:0.92> ; चेन्नई<LOCATION:0.99>
54,नेहा जयपुर में रहती है,"[{""text"": ""नेहा"", ""label"": ""PERSON"", ""confidence"": 0.9793, ""source"": ""neural"", ""start_token"": 0, ""end_token"": 1}, {""text"": ""जयपुर"", ""label"": ""LOCATION"", ""confidence"": 0.9922, ""source"": ""neural"", ""start_token"": 1, ""end_token"": 2}]",नेहा<PERSON:0.98> ; जयपुर<LOCATION:0.99>
55,विकास अहमदाबाद गया,"[{""text"": ""अहमदाबाद"", ""label"": ""LOCATION"", ""confidence"": 0.9916, ""source"": ""neural"", ""start_token"": 1, ""end_token"": 2}]",अहमदाबाद<LOCATION:0.99>
56,किरण लखनऊ में रहती है,"[{""text"": ""किरण"", ""label"": ""PERSON"", ""confidence"": 0.8465, ""source"": ""neural"", ""start_token"": 0, ""end_token"": 1}, {""text"": ""लखनऊ"", ""label"": ""LOCATION"", ""confidence"": 0.9842, ""source"": ""neural"", ""start_token"": 1, ""end_token"": 2}]",किरण<PERSON:0.85> ; लखनऊ<LOCATION:0.98>
57,अजय भोपाल में काम करता है,"[{""text"": ""अजय"", ""label"": ""PERSON"", ""confidence"": 0.9325, ""source"": ""neural"", ""start_token"": 0, ""end_token"": 1}, {""text"": ""भोपाल"", ""label"": ""LOCATION"", ""confidence"": 0.9662, ""source"": ""neural"", ""start_token"": 1, ""end_token"": 2}]",अजय<PERSON:0.93> ; भोपाल<LOCATION:0.97>
58,रोहित सूरत में रहता है,"[{""text"": ""रोहित"", ""label"": ""PERSON"", ""confidence"": 0.9805, ""source"": ""neural"", ""start_token"": 0, ""end_token"": 1}, {""text"": ""सूरत"", ""label"": ""LOCATION"", ""confidence"": 0.9861, ""source"": ""neural"", ""start_token"": 1, ""end_token"": 2}]",रोहित<PERSON:0.98> ; सूरत<LOCATION:0.99>
59,मोहन आगरा गया,"[{""text"": ""मोहन"", ""label"": ""PERSON"", ""confidence"": 0.9198, ""source"": ""neural"", ""start_token"": 0, ""end_token"": 1}, {""text"": ""आगरा"", ""label"": ""LOCATION"", ""confidence"": 0.9731, ""source"": ""neural"", ""start_token"": 1, ""end_token"": 2}]",मोहन<PERSON:0.92> ; आगरा<LOCATION:0.97>
60,करण उदयपुर में रहता है,"[{""text"": ""करण"", ""label"": ""PERSON"", ""confidence"": 0.6045, ""source"": ""neural"", ""start_token"": 0, ""end_token"": 1}, {""text"": ""उदयपुर"", ""label"": ""LOCATION"", ""confidence"": 0.9838, ""source"": ""neural"", ""start_token"": 1, ""end_token"": 2}]",करण<PERSON:0.60> ; उदयपुर<LOCATION:0.98>
61,नीलम जयपुर गई,"[{""text"": ""नीलम"", ""label"": ""PERSON"", ""confidence"": 0.9797, ""source"": ""neural"", ""start_token"": 0, ""end_token"": 1}, {""text"": ""जयपुर"", ""label"": ""LOCATION"", ""confidence"": 0.996, ""source"": ""neural"", ""start_token"": 1, ""end_token"": 2}]",नीलम<PERSON:0.98> ; जयपुर<LOCATION:1.00>
62,रचना मैसूर गई,"[{""text"": ""मैसूर"", ""label"": ""LOCATION"", ""confidence"": 0.9236, ""source"": ""neural"", ""start_token"": 1, ""end_token"": 2}]",मैसूर<LOCATION:0.92>
63,अनिता कानपुर गई,"[{""text"": ""अनिता"", ""label"": ""PERSON"", ""confidence"": 0.9823, ""source"": ""neural"", ""start_token"": 0, ""end_token"": 1}, {""text"": ""कानपुर"", ""label"": ""LOCATION"", ""confidence"": 0.9966, ""source"": ""neural"", ""start_token"": 1, ""end_token"": 2}]",अनिता<PERSON:0.98> ; कानपुर<LOCATION:1.00>
64,संदीप मेरठ गया,"[{""text"": ""संदीप"", ""label"": ""PERSON"", ""confidence"": 0.9764, ""source"": ""neural"", ""start_token"": 0, ""end_token"": 1}, {""text"": ""मेरठ"", ""label"": ""LOCATION"", ""confidence"": 0.9944, ""source"": ""neural"", ""start_token"": 1, ""end_token"": 2}]",संदीप<PERSON:0.98> ; मेरठ<LOCATION:0.99>
65,रीना अमृतसर गई,"[{""text"": ""रीना"", ""label"": ""PERSON"", ""confidence"": 0.9803, ""source"": ""neural"", ""start_token"": 0, ""end_token"": 1}, {""text"": ""अमृतसर"", ""label"": ""LOCATION"", ""confidence"": 0.9921, ""source"": ""neural"", ""start_token"": 1, ""end_token"": 2}]",रीना<PERSON:0.98> ; अमृतसर<LOCATION:0.99>
66,कविता उज्जैन गई,"[{""text"": ""कविता"", ""label"": ""PERSON"", ""confidence"": 0.9763, ""source"": ""neural"", ""start_token"": 0, ""end_token"": 1}, {""text"": ""उज्जैन"", ""label"": ""LOCATION"", ""confidence"": 0.9927, ""source"": ""neural"", ""start_token"": 1, ""end_token"": 2}]",कविता<PERSON:0.98> ; उज्जैन<LOCATION:0.99>
67,दीक्षा शिमला गई,"[{""text"": ""दीक्षा"", ""label"": ""PERSON"", ""confidence"": 0.7869, ""source"": ""neural"", ""start_token"": 0, ""end_token"": 1}, {""text"": ""शिमला"", ""label"": ""LOCATION"", ""confidence"": 0.9863, ""source"": ""neural"", ""start_token"": 1, ""end_token"": 2}]",दीक्षा<PERSON:0.79> ; शिमला<LOCATION:0.99>
68,राहुल देहरादून गया,"[{""text"": ""राहुल"", ""label"": ""PERSON"", ""confidence"": 0.9839, ""source"": ""neural"", ""start_token"": 0, ""end_token"": 1}, {""text"": ""देहरादून"", ""label"": ""LOCATION"", ""confidence"": 0.9956, ""source"": ""neural"", ""start_token"": 1, ""end_token"": 2}]",राहुल<PERSON:0.98> ; देहरादून<LOCATION:1.00>
69,पूजा भुवनेश्वर गई,"[{""text"": ""पूजा"", ""label"": ""PERSON"", ""confidence"": 0.9435, ""source"": ""neural"", ""start_token"": 0, ""end_token"": 1}, {""text"": ""भुवनेश्वर"", ""label"": ""LOCATION"", ""confidence"": 0.9808, ""source"": ""neural"", ""start_token"": 1, ""end_token"": 2}]",पूजा<PERSON:0.94> ; भुवनेश्वर<LOCATION:0.98>
70,गीता कोच्चि गई,"[{""text"": ""गीता"", ""label"": ""PERSON"", ""confidence"": 0.9841, ""source"": ""neural"", ""start_token"": 0, ""end_token"": 1}, {""text"": ""कोच्चि"", ""label"": ""LOCATION"", ""confidence"": 0.9908, ""source"": ""neural"", ""start_token"": 1, ""end_token"": 2}]",गीता<PERSON:0.98> ; कोच्चि<LOCATION:0.99>
71,अमित त्रिवेंद्रम गया,"[{""text"": ""अमित"", ""label"": ""PERSON"", ""confidence"": 0.9793, ""source"": ""neural"", ""start_token"": 0, ""end_token"": 1}, {""text"": ""त्रिवेंद्रम"", ""label"": ""LOCATION"", ""confidence"": 0.9705, ""source"": ""neural"", ""start_token"": 1, ""end_token"": 2}]",अमित<PERSON:0.98> ; त्रिवेंद्रम<LOCATION:0.97>
72,सुरेश पुदुच्चेरी गया,"[{""text"": ""सुरेश"", ""label"": ""PERSON"", ""confidence"": 0.9535, ""source"": ""neural"", ""start_token"": 0, ""end_token"": 1}, {""text"": ""पुदुच्चेरी"", ""label"": ""LOCATION"", ""confidence"": 0.9752, ""source"": ""neural"", ""start_token"": 1, ""end_token"": 2}]",सुरेश<PERSON:0.95> ; पुदुच्चेरी<LOCATION:0.98>
73,लता श्रीनगर गई,"[{""text"": ""लता"", ""label"": ""PERSON"", ""confidence"": 0.9672, ""source"": ""neural"", ""start_token"": 0, ""end_token"": 1}, {""text"": ""श्रीनगर"", ""label"": ""LOCATION"", ""confidence"": 0.9938, ""source"": ""neural"", ""start_token"": 1, ""end_token"": 2}]",लता<PERSON:0.97> ; श्रीनगर<LOCATION:0.99>
74,दीपिका गंगटोक गई,"[{""text"": ""दीपिका"", ""label"": ""PERSON"", ""confidence"": 0.9852, ""source"": ""neural"", ""start_token"": 0, ""end_token"": 1}, {""text"": ""गंगटोक"", ""label"": ""LOCATION"", ""confidence"": 0.9484, ""source"": ""neural"", ""start_token"": 1, ""end_token"": 2}]",दीपिका<PERSON:0.99> ; गंगटोक<LOCATION:0.95>
75,सुनील सिलचर गया,"[{""text"": ""सुनील"", ""label"": ""PERSON"", ""confidence"": 0.9582, ""source"": ""neural"", ""start_token"": 0, ""end_token"": 1}, {""text"": ""सिलचर"", ""label"": ""LOCATION"", ""confidence"": 0.9529, ""source"": ""neural"", ""start_token"": 1, ""end_token"": 2}]",सुनील<PERSON:0.96> ; सिलचर<LOCATION:0.95>
76,रीतेश कोहिमा गया,"[{""text"": ""रीतेश"", ""label"": ""PERSON"", ""confidence"": 0.8889, ""source"": ""neural"", ""start_token"": 0, ""end_token"": 1}, {""text"": ""कोहिमा"", ""label"": ""LOCATION"", ""confidence"": 0.9634, ""source"": ""neural"", ""start_token"": 1, ""end_token"": 2}]",रीतेश<PERSON:0.89> ; कोहिमा<LOCATION:0.96>
77,प्रदीप इटानगर गया,"[{""text"": ""प्रदीप"", ""label"": ""PERSON"", ""confidence"": 0.9808, ""source"": ""neural"", ""start_token"": 0, ""end_token"": 1}, {""text"": ""इटानगर"", ""label"": ""LOCATION"", ""confidence"": 0.9354, ""source"": ""neural"", ""start_token"": 1, ""end_token"": 2}]",प्रदीप<PERSON:0.98> ; इटानगर<LOCATION:0.94>
78,आरव पनजी गया,[],
79,तन्वी इम्फाल गई,"[{""text"": ""तन्वी"", ""label"": ""PERSON"", ""confidence"": 0.9728, ""source"": ""neural"", ""start_token"": 0, ""end_token"": 1}, {""text"": ""इम्फाल"", ""label"": ""LOCATION"", ""confidence"": 0.9814, ""source"": ""neural"", ""start_token"": 1, ""end_token"": 2}]",तन्वी<PERSON:0.97> ; इम्फाल<LOCATION:0.98>
80,आरती दिल्ली गई,"[{""text"": ""आरती"", ""label"": ""PERSON"", ""confidence"": 0.9768, ""source"": ""neural"", ""start_token"": 0, ""end_token"": 1}, {""text"": ""दिल्ली"", ""label"": ""LOCATION"", ""confidence"": 0.9957, ""source"": ""neural"", ""start_token"": 1, ""end_token"": 2}]",आरती<PERSON:0.98> ; दिल्ली<LOCATION:1.00>
81,रीमा भिलाई गई,"[{""text"": ""रीमा भिलाई"", ""label"": ""PERSON"", ""confidence"": 0.7687, ""source"": ""neural"", ""start_token"": 0, ""end_token"": 2}]",रीमा भिलाई<PERSON:0.77>
82,कुशल जमशेदपुर गया,"[{""text"": ""कुशल"", ""label"": ""PERSON"", ""confidence"": 0.9302, ""source"": ""neural"", ""start_token"": 0, ""end_token"": 1}, {""text"": ""जमशेदपुर"", ""label"": ""LOCATION"", ""confidence"": 0.996, ""source"": ""neural"", ""start_token"": 1, ""end_token"": 2}]",कुशल<PERSON:0.93> ; जमशेदपुर<LOCATION:1.00>
83,दीपाली वेल्लोर गई,"[{""text"": ""दीपाली वेल्लोर"", ""label"": ""PERSON"", ""confidence"": 0.9516, ""source"": ""neural"", ""start_token"": 0, ""end_token"": 2}]",दीपाली वेल्लोर<PERSON:0.95>
84,करण गुवाहाटी गया,"[{""text"": ""गुवाहाटी"", ""label"": ""LOCATION"", ""confidence"": 0.9913, ""source"": ""neural"", ""start_token"": 1, ""end_token"": 2}]",गुवाहाटी<LOCATION:0.99>
85,अंकित तिरुचिरापल्ली गया,"[{""text"": ""अंकित"", ""label"": ""PERSON"", ""confidence"": 0.9727, ""source"": ""neural"", ""start_token"": 0, ""end_token"": 1}, {""text"": ""तिरुचिरापल्ली"", ""label"": ""LOCATION"", ""confidence"": 0.9704, ""source"": ""neural"", ""start_token"": 1, ""end_token"": 2}]",अंकित<PERSON:0.97> ; तिरुचिरापल्ली<LOCATION:0.97>
86,प्रकाश रांची गया,"[{""text"": ""प्रकाश"", ""label"": ""PERSON"", ""confidence"": 0.9357, ""source"": ""neural"", ""start_token"": 0, ""end_token"": 1}, {""text"": ""रांची"", ""label"": ""LOCATION"", ""confidence"": 0.9619, ""source"": ""neural"", ""start_token"": 1, ""end_token"": 2}]",प्रकाश<PERSON:0.94> ; रांची<LOCATION:0.96>
87,विनिता आसनसोल गई,"[{""text"": ""विनिता"", ""label"": ""PERSON"", ""confidence"": 0.9701, ""source"": ""neural"", ""start_token"": 0, ""end_token"": 1}]",विनिता<PERSON:0.97>
88,दीपेश पुरी गया,"[{""text"": ""दीपेश पुरी"", ""label"": ""PERSON"", ""confidence"": 0.768, ""source"": ""neural"", ""start_token"": 0, ""end_token"": 2}]",दीपेश पुरी<PERSON:0.77>
89,अनिल करनाल गया,"[{""text"": ""अनिल"", ""label"": ""PERSON"", ""confidence"": 0.9833, ""source"": ""neural"", ""start_token"": 0, ""end_token"": 1}, {""text"": ""करनाल"", ""label"": ""LOCATION"", ""confidence"": 0.6321, ""source"": ""neural"", ""start_token"": 1, ""end_token"": 2}]",अनिल<PERSON:0.98> ; करनाल<LOCATION:0.63>
90,सुमन हिसार गई,"[{""text"": ""सुमन"", ""label"": ""PERSON"", ""confidence"": 0.9237, ""source"": ""neural"", ""start_token"": 0, ""end_token"": 1}, {""text"": ""हिसार"", ""label"": ""LOCATION"", ""confidence"": 0.9535, ""source"": ""neural"", ""start_token"": 1, ""end_token"": 2}]",सुमन<PERSON:0.92> ; हिसार<LOCATION:0.95>
91,अर्पित रोहतक गया,"[{""text"": ""रोहतक"", ""label"": ""LOCATION"", ""confidence"": 0.9148, ""source"": ""neural"", ""start_token"": 1, ""end_token"": 2}]",रोहतक<LOCATION:0.91>
92,पवन करूर गया,"[{""text"": ""पवन"", ""label"": ""PERSON"", ""confidence"": 0.9472, ""source"": ""neural"", ""start_token"": 0, ""end_token"": 1}]",पवन<PERSON:0.95>
93,राहुल हिसार गया,"[{""text"": ""राहुल"", ""label"": ""PERSON"", ""confidence"": 0.9845, ""source"": ""neural"", ""start_token"": 0, ""end_token"": 1}, {""text"": ""हिसार"", ""label"": ""LOCATION"", ""confidence"": 0.9838, ""source"": ""neural"", ""start_token"": 1, ""end_token"": 2}]",राहुल<PERSON:0.98> ; हिसार<LOCATION:0.98>
94,मयंक झांसी गया,"[{""text"": ""मयंक"", ""label"": ""PERSON"", ""confidence"": 0.9709, ""source"": ""neural"", ""start_token"": 0, ""end_token"": 1}, {""text"": ""झांसी"", ""label"": ""LOCATION"", ""confidence"": 0.9401, ""source"": ""neural"", ""start_token"": 1, ""end_token"": 2}]",मयंक<PERSON:0.97> ; झांसी<LOCATION:0.94>
95,रोहन झांसी गया,"[{""text"": ""रोहन"", ""label"": ""PERSON"", ""confidence"": 0.9276, ""source"": ""neural"", ""start_token"": 0, ""end_token"": 1}, {""text"": ""झांसी"", ""label"": ""LOCATION"", ""confidence"": 0.612, ""source"": ""neural"", ""start_token"": 1, ""end_token"": 2}]",रोहन<PERSON:0.93> ; झांसी<LOCATION:0.61>
96,विक्रम अलवर गया,"[{""text"": ""विक्रम"", ""label"": ""PERSON"", ""confidence"": 0.9774, ""source"": ""neural"", ""start_token"": 0, ""end_token"": 1}, {""text"": ""अलवर"", ""label"": ""LOCATION"", ""confidence"": 0.9795, ""source"": ""neural"", ""start_token"": 1, ""end_token"": 2}]",विक्रम<PERSON:0.98> ; अलवर<LOCATION:0.98>
97,सचिन धार गया,"[{""text"": ""सचिन"", ""label"": ""PERSON"", ""confidence"": 0.9849, ""source"": ""neural"", ""start_token"": 0, ""end_token"": 1}]",सचिन<PERSON:0.98>
98,किरण सागर गई,"[{""text"": ""किरण सागर"", ""label"": ""LOCATION"", ""confidence"": 0.704, ""source"": ""neural"", ""start_token"": 0, ""end_token"": 2}]",किरण सागर<LOCATION:0.70>
99,अमृता बिलासपुर गई,"[{""text"": ""अमृता"", ""label"": ""PERSON"", ""confidence"": 0.983, ""source"": ""neural"", ""start_token"": 0, ""end_token"": 1}, {""text"": ""बिलासपुर"", ""label"": ""LOCATION"", ""confidence"": 0.9947, ""source"": ""neural"", ""start_token"": 1, ""end_token"": 2}]",अमृता<PERSON:0.98> ; बिलासपुर<LOCATION:0.99>
